{"cameraMode":{"drawMode":0,"name":"Shaded","section":"Shading Mode"},"sceneLighting":true,"audioPlay":false,"sceneViewState":{"m_AlwaysRefresh":false,"showFog":true,"showSkybox":true,"showFlares":true,"showImageEffects":true,"showParticleSystems":true,"showVisualEffectGraphs":true,"m_FxEnabled":true},"in2DMode":false,"pivot":{"x":109.67439270019531,"y":41.48727035522461,"z":-106.11524200439453},"rotation":{"x":0.03832239657640457,"y":0.7574185132980347,"z":-0.04456312581896782,"w":0.650343120098114},"size":399.85418701171877,"orthographic":false}